<acl>
    <group name="MapEditor">
        <acl name="MapEditor"></acl>
        <object name="resource.*"></object>
        <object name="user.*"></object>
    </group>
    <group name="autoGroup_acpanel">
        <acl name="autoACL_acpanel"></acl>
        <object name="resource.acpanel"></object>
    </group>
    <acl name="MapEditor">
        <right name="general.ModifyOtherObjects" access="true"></right>
        <right name="function.startResource" access="true"></right>
        <right name="function.stopResource" access="true"></right>
        <right name="function.restartResource" access="true"></right>
        <right name="function.createResource" access="true"></right>
        <right name="function.copyResource" access="true"></right>
        <right name="function.renameResource" access="true"></right>
        <right name="function.deleteResource" access="true"></right>
        <right name="function.addResourceMap" access="true"></right>
        <right name="function.addResourceConfig" access="true"></right>
        <right name="function.removeResourceFile" access="true"></right>
        <right name="function.setResourceDefaultSetting" access="true"></right>
        <right name="function.removeResourceDefaultSetting" access="true"></right>
        <right name="function.xmlLoadFile" access="true"></right>
        <right name="function.refreshResources" access="true"></right>
        <right name="general.adminpanel" access="true"></right>
        <right name="general.tab_players" access="true"></right>
        <right name="general.tab_resources" access="true"></right>
        <right name="general.tab_server" access="true"></right>
        <right name="general.tab_bans" access="true"></right>
        <right name="general.tab_adminchat" access="true"></right>
        <right name="command.kick" access="true"></right>
        <right name="command.freeze" access="true"></right>
        <right name="command.mute" access="true"></right>
        <right name="command.shout" access="true"></right>
        <right name="command.spectate" access="true"></right>
        <right name="command.slap" access="true"></right>
        <right name="command.setgroup" access="true"></right>
        <right name="command.sethealth" access="true"></right>
        <right name="command.setarmour" access="true"></right>
        <right name="command.setmoney" access="true"></right>
        <right name="command.setskin" access="true"></right>
        <right name="command.setteam" access="true"></right>
        <right name="command.giveweapon" access="true"></right>
        <right name="command.setstat" access="true"></right>
        <right name="command.jetpack" access="true"></right>
        <right name="command.warp" access="true"></right>
        <right name="command.setdimension" access="true"></right>
        <right name="command.setinterior" access="true"></right>
        <right name="command.givevehicle" access="true"></right>
        <right name="command.repair" access="true"></right>
        <right name="command.blow" access="true"></right>
        <right name="command.destroy" access="true"></right>
        <right name="command.customize" access="true"></right>
        <right name="command.setcolor" access="true"></right>
        <right name="command.setpaintjob" access="true"></right>
        <right name="command.listmessages" access="true"></right>
        <right name="command.readmessage" access="true"></right>
        <right name="command.listresources" access="true"></right>
        <right name="command.start" access="true"></right>
        <right name="command.stop" access="true"></right>
        <right name="command.stopall" access="true"></right>
        <right name="command.restart" access="true"></right>
        <right name="command.execute" access="true"></right>
        <right name="command.setpassword" access="true"></right>
        <right name="command.setwelcome" access="true"></right>
        <right name="command.setgame" access="true"></right>
        <right name="command.setmap" access="true"></right>
        <right name="command.setweather" access="true"></right>
        <right name="command.blendweather" access="true"></right>
        <right name="command.setblurlevel" access="true"></right>
        <right name="command.setwaveheight" access="true"></right>
        <right name="command.setskygradient" access="true"></right>
        <right name="command.setgamespeed" access="true"></right>
        <right name="command.setgravity" access="true"></right>
        <right name="command.settime" access="true"></right>
        <right name="command.ban" access="true"></right>
        <right name="command.unban" access="true"></right>
        <right name="command.banip" access="true"></right>
        <right name="command.unbanip" access="true"></right>
        <right name="command.banserial" access="true"></right>
        <right name="command.unbanserial" access="true"></right>
        <right name="command.listbans" access="true"></right>
    </acl>
    <acl name="autoACL_acpanel">
        <right name="function.setServerConfigSetting" access="false" who="" pending="true" date=""></right>
        <right name="function.kickPlayer" access="false" who="" pending="true" date=""></right>
        <right name="function.fetchRemote" access="false" who="" pending="true" date=""></right>
    </acl>
</acl>
